sample_index,label,explainer,base_score,top_deleted_score,random_deleted_score,comprehensiveness,random_comprehensiveness,sufficiency,random_sufficiency,top_terms
0,usability,contrastive_projection_intrinsic,0.47963224388059483,0.46355614831423186,0.4773420515398359,0.01607609556636297,0.0022901923407589453,-0.11522500653633544,0.01932726626115444,"use, be able, able to"
0,usability,svm_tfidf_coefficients,0.478052696967442,0.40977252161839967,0.46856709465060864,0.06828017534904235,0.009485602316833375,0.055255091757808406,0.11230440641214057,"use, the users, their"
1,availability,contrastive_projection_intrinsic,0.41795775977666,0.41795775977666,0.41795775977665994,0.0,5.551115123125783e-17,0.0,-5.375709263677475e-06,"by, users, and"
1,availability,svm_tfidf_coefficients,0.26975432875334676,0.2997987466633584,0.27811732084915164,-0.03004441791001161,-0.008362992095804878,-0.02511856465848422,-0.045931425254272296,"users, and, by"
1,security,contrastive_projection_intrinsic,0.4494159536398945,0.4488533293715307,0.4495117266464383,0.0005626242683637872,-9.577300654378673e-05,-0.022207586364574372,-0.0005737609614282491,"disputes system, users, disputes"
1,security,svm_tfidf_coefficients,0.4186435537333009,0.35822731398789776,0.4131652500826866,0.060416239745403166,0.005478303650614302,-0.043484059204275505,0.014765627093189182,"disputes system, disputes, users"
2,operability,contrastive_projection_intrinsic,0.4421976016280378,0.43558910549084434,0.4417826661325118,0.0066084961371934425,0.00041493549552595876,-0.04383701351276609,0.0015861201192566843,"be, shall be, to be"
2,operability,svm_tfidf_coefficients,0.40597460956056086,0.32347663439213525,0.3966615704539482,0.08249797516842561,0.009313039106612686,-0.03872888477374331,0.038525419098619396,"be, shall be, to be"
3,look_and_feel,contrastive_projection_intrinsic,0.5169945287482406,0.4749227646790713,0.5049647426717784,0.04207176406916929,0.012029786076462212,0.032143417949924535,0.059401729014109284,"ship, simulate the, simulate"
3,look_and_feel,svm_tfidf_coefficients,0.6438743946756939,0.5012239872299366,0.5960194745028077,0.1426504074457573,0.04785492017288617,0.1072601605028124,0.20328701115301995,"ship, simulate the, simulate"
4,operability,contrastive_projection_intrinsic,0.446975708148865,0.4356321855042907,0.44676688259065345,0.011343522644574278,0.00020882555821155613,-0.04050090058238681,0.006857644114905859,"environment, operate within, operate"
4,operability,svm_tfidf_coefficients,0.47910900960645486,0.3623841939042735,0.46088754051344255,0.11672481570218135,0.01822146909301231,0.0035606890124012525,0.10626897719447803,"environment, operate within, within"
5,usability,contrastive_projection_intrinsic,0.49070198846415525,0.4602674863867486,0.4828789180820515,0.030434502077406667,0.007823070382103725,-0.025176633878534416,0.020715297841565394,"use, shall use, navigation"
5,usability,svm_tfidf_coefficients,0.5370899707597835,0.41620947614473075,0.49659053558781246,0.12088049461505274,0.04049943517197102,0.062411567365673715,0.14213240967778779,"use, navigation, use standard"
6,performance,contrastive_projection_intrinsic,0.5268637933460374,0.46710439425341577,0.5148080593633545,0.05975939909262162,0.012055733982682892,-0.1298811633339414,0.0666338966555789,"seconds, time, response time"
6,performance,svm_tfidf_coefficients,0.5871535125306614,0.46416847108640485,0.5629111028633578,0.12298504144425654,0.02424240966730362,0.10874078018101757,0.2068197695517089,"seconds, time, movie"
7,availability,contrastive_projection_intrinsic,0.4671335286332083,0.4179866149189388,0.46069884088648216,0.04914691371426949,0.00643468774672612,-0.10165302130387338,0.015189486805510244,"available, be available, technical"
7,availability,svm_tfidf_coefficients,0.48075056747824896,0.31829888612359875,0.4391424234691734,0.1624516813546502,0.04160814400907553,-0.009336720399347131,0.11986653051088153,"available, be available, technical"
7,fault_tolerance,contrastive_projection_intrinsic,0.39909117449370546,0.39909117449370546,0.39934024990553335,0.0,-0.0002490754118278926,-0.00715917556211032,-0.0014598982843761488,"available, available to, be"
7,fault_tolerance,svm_tfidf_coefficients,0.32036871375015724,0.28241210262555416,0.31784537857127115,0.03795661112460308,0.002523335178886088,-0.03292767910704064,0.008465108462059945,"available, available to, will"
8,look_and_feel,contrastive_projection_intrinsic,0.4431316908373646,0.4419923225093722,0.44380339495153054,0.001139368327992385,-0.0006717041141659497,-0.007052991986376322,-0.001788937706171334,"and, products, allow"
8,look_and_feel,svm_tfidf_coefficients,0.45016023966215074,0.3822142562782201,0.43247970368071137,0.06794598338393065,0.01768053598143937,-0.009808733433313177,0.027371153866080022,"and, products, allow"
8,usability,contrastive_projection_intrinsic,0.48917504029480186,0.455282506308007,0.4798491383560611,0.03389253398679487,0.009325901938740777,-0.037054911382468414,0.017187357107300183,"and, shall allow, allow"
8,usability,svm_tfidf_coefficients,0.5619988134413801,0.3885124034899574,0.48431911017563606,0.17348640995142273,0.07767970326574408,0.03340800387203435,0.12971723185960832,"and, shall allow, allow"
9,operability,contrastive_projection_intrinsic,0.43558910549084434,0.43558910549084434,0.4355891054908444,0.0,-5.551115123125783e-17,0.0,-3.430399038828469e-06,"user, of the, of"
9,operability,svm_tfidf_coefficients,0.2746066536515914,0.3176024952135713,0.2867293388837988,-0.042995841561979886,-0.012122685232207386,-0.03845041962728901,-0.06897103615052425,"user, of, of the"
10,availability,contrastive_projection_intrinsic,0.4775703428863625,0.4205758015300231,0.46729719588634294,0.05699454135633941,0.010273147000019578,-0.043782634450960256,0.0343735034474823,"time, shall achieve, achieve"
10,availability,svm_tfidf_coefficients,0.5510734719501862,0.36513350073111545,0.47899445655863643,0.18593997121907074,0.07207901539154976,0.04258931544425992,0.16522042191049635,"shall achieve, achieve, time"
11,security,contrastive_projection_intrinsic,0.4502454704844826,0.4488533293715307,0.45032472241652693,0.0013921411129518835,-7.9251932044333e-05,-0.011613927647356526,0.0002983539488196074,"security, and or, the system"
11,security,svm_tfidf_coefficients,0.43850143862899627,0.40029157315790137,0.43479001411176066,0.038209865471094895,0.0037114245172356064,0.0005544305990524689,0.0314040445959376,"security, and or, in"
12,performance,contrastive_projection_intrinsic,0.6037484766796651,0.5310521681548154,0.5843973466518478,0.07269630852484976,0.019351130027817298,0.06497560500324429,0.13241258530785588,"minutes, 10, shall let"
12,performance,svm_tfidf_coefficients,0.7380675271884294,0.612837992755063,0.6849286073062829,0.12522953443336637,0.053138919882146474,0.23944109746459857,0.325095872619169,"minutes, shall let, let"
12,usability,contrastive_projection_intrinsic,0.5202589067836006,0.48874644963637737,0.5112353327815682,0.03151245714722328,0.009023574002032464,0.020505530119866777,0.053238728218731546,"minutes, under, in under"
12,usability,svm_tfidf_coefficients,0.6059953315735074,0.5171075993236744,0.5706087100663794,0.08888773224983293,0.03538662150712801,0.16233188721873326,0.21561218517080466,"minutes, shall let, let"
13,operability,contrastive_projection_intrinsic,0.45823836793244105,0.44085900074076695,0.45591412897504346,0.0173793671916741,0.002324238957397584,-0.00023361636113622408,0.015044537642850686,"server, servers, available for"
13,operability,svm_tfidf_coefficients,0.513873940938701,0.40765283390024026,0.48440621557027586,0.10622110703846072,0.029467725368425124,0.051332655521668547,0.13014559956970218,"server, servers, or"
14,security,contrastive_projection_intrinsic,0.4488533293715307,0.4566933906142905,0.44910318221169265,-0.007840061242759766,-0.0002498528401619349,0.0,-0.0015268306330166737,"the product, product shall, product"
14,security,svm_tfidf_coefficients,0.44416437653178586,0.3810921975296504,0.43546234446841103,0.06307217900213546,0.008702032063374832,-0.019433797003453546,0.028727575907170233,"security, security the, the"
15,security,contrastive_projection_intrinsic,0.5446179602863199,0.46855218181185965,0.5338183381385634,0.07606577847446028,0.010799622147756538,-0.1746160741032461,0.0815440112167875,"authorized, only, access"
15,security,svm_tfidf_coefficients,0.7269835238824185,0.5733575111156413,0.7029458736103296,0.15362601276677723,0.02403765027208893,0.1580978566303225,0.30054746571718344,"authorized, only, access"
16,operability,contrastive_projection_intrinsic,0.4705012720866101,0.44212671624127087,0.4648209860532426,0.02837455584533921,0.005680286033367454,-0.07053427746143592,0.027498871537970426,"with, server, database"
16,operability,svm_tfidf_coefficients,0.5252450148880917,0.42719710129286215,0.5031408324932388,0.09804791359522957,0.0221041823948529,0.07134891805538157,0.1421019587861515,"with, server, database"
16,portability,contrastive_projection_intrinsic,0.46748705839980315,0.4269695641193606,0.4581334224155198,0.040517494280442545,0.009353635984283348,-0.024445342608478582,0.058746455380041196,"systems, the product, product"
16,portability,svm_tfidf_coefficients,0.47324700136359793,0.4090337129623781,0.45190890415122914,0.06421328840121981,0.02133809721236879,0.1145860094386319,0.15305481388715902,"systems, is expected, the product"
17,scalability,contrastive_projection_intrinsic,0.4178278011019074,0.4057713640070018,0.4165849447006898,0.012056437094905614,0.001242856401217629,-0.02962847905993482,0.008360528575683257,"minimum, minimum of, for minimum"
17,scalability,svm_tfidf_coefficients,0.3911003680107997,0.3149231613564086,0.38584298549619833,0.07617720665439115,0.005257382514601394,0.0006217735931761115,0.06639401923352994,"minimum, minimum of, for minimum"
18,usability,contrastive_projection_intrinsic,0.456436569022872,0.4552785788073265,0.45647169531541976,0.0011579902155455235,-3.512629254776023e-05,0.0010002454320671705,0.0008964427803400121,"users, all, using the"
18,usability,svm_tfidf_coefficients,0.41536914539370606,0.3675851618188959,0.4100366560554254,0.047783983574810174,0.005332489338280677,0.01106962994972388,0.04819530981824549,"users, using the, users shall"
19,maintainability,contrastive_projection_intrinsic,0.42025829571455653,0.4117989825261484,0.4204215052869844,0.008459313188408146,-0.00016320957242788037,-0.020883920094638297,0.002581771288565682,"statistics, will be, will"
19,maintainability,svm_tfidf_coefficients,0.41645714385449634,0.33745071997197756,0.39931286710086367,0.07900642388251877,0.01714427675363267,0.0009161172249713134,0.06154361446974782,"statistics, will be, will"
19,operability,contrastive_projection_intrinsic,0.44324075047677114,0.43558910549084434,0.4427242625475288,0.007651644985926798,0.0005164879292423596,-0.03941915604851787,0.0017859984275475083,"used, database, be used"
19,operability,svm_tfidf_coefficients,0.473923038724569,0.33548860870451386,0.4429570927484843,0.13843443002005512,0.030965945976084652,-0.026016542753583838,0.08207344152242146,"used, be used, database"
20,security,contrastive_projection_intrinsic,0.4543984696447361,0.4488533293715307,0.45473829035539653,0.005545140273205407,-0.0003398207106604101,-0.07466560428645613,0.0027802044381992075,"data, information, data from"
20,security,svm_tfidf_coefficients,0.42934557064272766,0.3908145175241237,0.4221658406831777,0.03853105311860394,0.007179729959549963,-0.009183363437090197,0.022717162730058915,"data, information, website"
20,usability,contrastive_projection_intrinsic,0.4548961130952169,0.4540550221748086,0.4551045213811284,0.0008410909204082939,-0.00020840828591150995,-0.021202122491333852,-0.0007008472650998354,"the website, website, user"
20,usability,svm_tfidf_coefficients,0.42433386036686593,0.35057427451240636,0.41782269502386454,0.07375958585445958,0.0065111653430013905,-0.0068921014431721495,0.05277313360553065,"the website, website, user"
21,usability,contrastive_projection_intrinsic,0.49200949430846896,0.47028395853215993,0.48814106999232093,0.021725535776309035,0.0038684243161480336,0.001807236955560898,0.029995781577100256,"after, streaming movies, the website"
21,usability,svm_tfidf_coefficients,0.5689459938398851,0.47889427822133085,0.5385257654938383,0.09005171561855424,0.03042022834604674,0.12528926154309955,0.18015391042449935,"after, streaming movies, the website"
22,availability,contrastive_projection_intrinsic,0.41795775977666,0.41795775977666,0.4179577597921306,0.0,-1.547062478124417e-11,0.0,-0.0008354814574192404,"of, able, able to"
22,availability,svm_tfidf_coefficients,0.3037055450407724,0.29871817523459127,0.3103063341591353,0.004987369806181141,-0.006600789118362871,-0.02799019234812994,-0.020006032290096065,"of, user, able"
22,performance,contrastive_projection_intrinsic,0.4514071107227829,0.4412577816944497,0.45087154214749225,0.01014932902833321,0.0005355685752906347,-0.04633710301737676,0.00444727513037424,"complete, within, able to"
22,performance,svm_tfidf_coefficients,0.46292162801072345,0.38243850614539454,0.4443174433676311,0.08048312186532891,0.018604184643092325,0.025482301328151435,0.09053073474002893,"complete, within, to complete"
23,usability,contrastive_projection_intrinsic,0.5477974830115698,0.49029350946418315,0.5380946654537969,0.05750397354738668,0.009702817557772914,-0.05013903726590385,0.07487230608127277,"use, to use, after"
23,usability,svm_tfidf_coefficients,0.6200306566905123,0.5129356238918451,0.5911421185720619,0.10709503279866717,0.02888853811845038,0.15756870556065,0.23210991532974662,"use, to use, all of"
24,operability,contrastive_projection_intrinsic,0.4522517282410076,0.43768647466130445,0.4481315074761921,0.014565253579703175,0.0041202207648154965,-0.01893297406075589,0.01183847132112209,"within the, operate within, operate"
24,operability,svm_tfidf_coefficients,0.5087729137384712,0.4044908462018335,0.48023187728787564,0.10428206753663771,0.02854103645059558,0.04804689481678587,0.12008387255141534,"within the, operate within, within"
25,operability,contrastive_projection_intrinsic,0.5620818107842129,0.45710115520713024,0.5323703217251203,0.1049806555770827,0.0297114890590926,-0.07428497659251787,0.08601453553864347,"interface with, interface, with"
25,operability,svm_tfidf_coefficients,0.6484713647258634,0.459740492819997,0.5734192653360239,0.1887308719058664,0.07505209938983948,0.10002112858810086,0.22150025614323082,"interface with, interface, with"
26,look_and_feel,contrastive_projection_intrinsic,0.4689174962194874,0.4494669464766666,0.4632849481508217,0.019450549742820844,0.005632548068665699,-0.005503865425493026,0.01841362984631978,"interface, have, interface shall"
26,look_and_feel,svm_tfidf_coefficients,0.5404185266684307,0.46075245355508604,0.5009034627706307,0.07966607311334467,0.03951506389780002,0.0706972271696738,0.11365746124377785,"interface, navigation, have"
27,security,contrastive_projection_intrinsic,0.4783452533304379,0.4488833600774848,0.47080300417730997,0.02946189325295312,0.007542249153127956,-0.018965368996086585,0.018562608589156204,"prevent, malicious, shall prevent"
27,security,svm_tfidf_coefficients,0.5655140509432932,0.39823617710022335,0.5079012860596763,0.16727787384306986,0.057612764883616885,-0.0015515731279128753,0.11305647701002436,"prevent, malicious, shall prevent"
28,scalability,contrastive_projection_intrinsic,0.5148425975302855,0.42035011777537284,0.4987719597685404,0.09449247975491265,0.01607063776174511,-0.02855077309218812,0.07469871506234044,"000, simultaneous users, simultaneous"
28,scalability,svm_tfidf_coefficients,0.5905995236549387,0.39294433922262434,0.5201875512198832,0.1976551844323144,0.07041197243505548,0.08520402844768238,0.19695750227361447,"000, simultaneous users, simultaneous"
29,look_and_feel,contrastive_projection_intrinsic,0.4634655209578207,0.44231591267913234,0.45901012368271105,0.021149608278688337,0.004455397275109629,-0.049309114780144214,0.011553976582837577,"the website, website, and"
29,look_and_feel,svm_tfidf_coefficients,0.584730285012478,0.42244351262107127,0.5505450638970669,0.16228677239140676,0.03418522111541111,0.031342493850874065,0.1563037974377519,"the website, website, shall appear"
30,portability,contrastive_projection_intrinsic,0.6070489792703834,0.5112495223644968,0.5821472610864799,0.09579945690588654,0.02490171818390352,0.10691638879621979,0.17184728367511803,"internet, run, product must"
30,portability,svm_tfidf_coefficients,0.6198469394722814,0.498788901233264,0.5693304738580743,0.1210580382390174,0.050516465614207084,0.20604848701535267,0.27426789785701905,"internet, product must, internet explorer"
31,performance,contrastive_projection_intrinsic,0.664020397281007,0.5630866881112535,0.6389723427545586,0.10093370916975353,0.025048054526448427,-0.0640517173998233,0.1838362985571007,"seconds, than, no"
31,performance,svm_tfidf_coefficients,0.6984279252194627,0.5960507717401714,0.6679240945137329,0.10237715347929133,0.030503830705729817,0.231230542698123,0.3086908721030565,"seconds, within seconds, no"
32,look_and_feel,contrastive_projection_intrinsic,0.4730358793258719,0.4468952131403369,0.4673034258703228,0.026140666185534955,0.005732453455549069,-0.01196987038401598,0.020225648569686838,"that are, table, that"
32,look_and_feel,svm_tfidf_coefficients,0.5284826301142963,0.42925520613800516,0.5040508597539928,0.09922742397629114,0.02443177036030353,0.03889615253682466,0.0996906805335398,"that are, table, the table"
33,look_and_feel,contrastive_projection_intrinsic,0.4818068000944767,0.4535068083803095,0.4780989971923257,0.028299991714167194,0.003707802902151003,-0.023691533727465852,0.03186990813046936,"the website, website, feel"
33,look_and_feel,svm_tfidf_coefficients,0.6052013922146308,0.47434850386522287,0.5809213244237421,0.1308528883494079,0.02428006779088865,0.08289695464469315,0.18904404379965478,"the website, website, website should"
34,maintainability,contrastive_projection_intrinsic,0.41177729716313516,0.41177729716313516,0.4118513911273318,0.0,-7.409396419666425e-05,-0.0039400623756151165,-0.0019470983128687669,"new, with the, with"
34,maintainability,svm_tfidf_coefficients,0.33285595621444597,0.2856253705336977,0.33504898245396997,0.04723058568074828,-0.0021930262395239986,-0.05483798215311264,0.00010120575190697423,"new, with the, integrate new"
35,usability,contrastive_projection_intrinsic,0.5594193069954406,0.5176063222964303,0.5509671396650415,0.04181298469901029,0.008452167330399107,0.0313497396353537,0.09297156346233043,"intuitive, 90, minutes"
35,usability,svm_tfidf_coefficients,0.6661647592668718,0.5587177438657729,0.6469156586794566,0.10744701540109891,0.019249100587415247,0.199472813918315,0.28329368648010844,"intuitive, 90, be intuitive"
36,maintainability,contrastive_projection_intrinsic,0.41549457682384067,0.4117951425969015,0.4154320993667654,0.003699434226939191,6.247745707527175e-05,-0.05322559432622348,0.0017973543010066928,"new, software, for"
36,maintainability,svm_tfidf_coefficients,0.38565301317626804,0.34052171152714444,0.38438049052629664,0.0451313016491236,0.0012725226499714082,0.004132180573032163,0.045357377554473055,"new, software, for"
36,portability,contrastive_projection_intrinsic,0.43828465493081253,0.408357211071727,0.4356443905327017,0.029927443859085523,0.0026402643981108254,-0.04571824957514403,0.040200138686672715,"systems, product must, the product"
36,portability,svm_tfidf_coefficients,0.44726301397289775,0.3789681761317011,0.4337878881339337,0.06829483784119667,0.013475125838964042,0.08367691812467731,0.137017339910117,"systems, product must, the product"
37,usability,contrastive_projection_intrinsic,0.5641210642866551,0.5178707681956612,0.5529590031856698,0.04625029609099385,0.011162061100985277,0.02697128304044738,0.09685726173990722,"intuitive, be intuitive, and"
37,usability,svm_tfidf_coefficients,0.6762240502121004,0.5645312258836575,0.6446331068929442,0.11169282432844296,0.03159094331915624,0.2040601078864609,0.28744518552625625,"intuitive, be intuitive, and"
38,availability,contrastive_projection_intrinsic,0.44370104237224284,0.41839535656625265,0.4439766389672446,0.025305685805990186,-0.00027559659500175915,-0.10534656220348115,0.015094952501279124,"hours, of the, during"
38,availability,svm_tfidf_coefficients,0.46465718763544456,0.3529141767613031,0.44496220426011257,0.11174301087414146,0.019694983375331987,0.029188779709214352,0.11903631763836803,"of the, hours, all of"
38,scalability,contrastive_projection_intrinsic,0.4568537309405667,0.4108575013458093,0.44982612829911206,0.04599622959475741,0.007027602641454633,-0.08257971295534072,0.03789095279308291,"to handle, handle, able"
38,scalability,svm_tfidf_coefficients,0.44080384502764247,0.33259323143785086,0.42423032662997195,0.10821061358979162,0.016573518397670517,0.02042901336478109,0.11395219928193911,"to handle, handle, able"
39,fault_tolerance,contrastive_projection_intrinsic,0.41754660221836026,0.4017829270578411,0.41429451402008477,0.015763675160519186,0.0032520881982754934,-0.005670744577614906,0.012817889462590604,"fault, robust, have fault"
39,fault_tolerance,svm_tfidf_coefficients,0.4297067084299536,0.3378681731112359,0.40437146272254126,0.09183853531871772,0.025335245707412357,0.027257398204791616,0.09737012702627695,"fault, robust, have fault"
39,performance,contrastive_projection_intrinsic,0.4407682453772891,0.4407682453772891,0.44076824537728904,0.0,5.551115123125783e-17,0.0,-3.793346459168845e-08,"product, the product, product shall"
39,performance,svm_tfidf_coefficients,0.2664493557533326,0.3178844765495422,0.27956638599895706,-0.0514351207962096,-0.01311703024562444,-0.0369025314836216,-0.07392550147292593,"product, the product, have"
40,performance,contrastive_projection_intrinsic,0.4407682453772891,0.4407682453772891,0.4407848617993849,0.0,-1.6616422095827588e-05,0.0,-0.0011835725586820667,"report, product, the product"
40,performance,svm_tfidf_coefficients,0.35315444839836685,0.37343167443006736,0.3557591048723653,-0.020277226031700513,-0.0026046564739984346,0.014627329440462411,-0.0017265135866309511,"users, report, product"
40,usability,contrastive_projection_intrinsic,0.46286323044325,0.4576234204875496,0.4616595380998875,0.005239809955700392,0.0012036923433624835,0.0002072228367050455,0.007355634415592505,"users, their, the users"
40,usability,svm_tfidf_coefficients,0.48389812869721377,0.43435068180324,0.4657410786795928,0.04954744689397378,0.018157050017620968,0.07985995512891136,0.10896527381995535,"the users, their, users"
41,look_and_feel,contrastive_projection_intrinsic,0.4592304977774353,0.44657927273906944,0.45678662020844607,0.012651225038365854,0.002443877568989228,-0.001011327847973753,0.012814337841309642,"page, navigation, current"
41,look_and_feel,svm_tfidf_coefficients,0.5507562481568642,0.4492585933875712,0.5196913538442374,0.10149765476929301,0.031064894312626823,0.05905828643699762,0.12288202074051585,"page, current, navigation"
42,performance,contrastive_projection_intrinsic,0.4628762105974982,0.44271416133279207,0.4604162882393849,0.02016204926470616,0.00245992235811332,-0.10053485454840766,0.01503904345430801,"minutes, within, time"
42,performance,svm_tfidf_coefficients,0.5358395753956502,0.41221899077827245,0.5106006263676166,0.12362058461737774,0.025238949028033586,0.056772634357729834,0.15945890111273742,"minutes, within, process"
43,maintainability,contrastive_projection_intrinsic,0.4199715114059947,0.41318386189305073,0.4199442063802937,0.006787649512943972,2.7305025700974372e-05,-0.005019967449366891,0.000179383030617708,"updates, website, to update"
43,maintainability,svm_tfidf_coefficients,0.43433449520999007,0.3463862094385441,0.4129764472134642,0.08794828577144598,0.021358047996525853,0.010651425943659643,0.07705223893773994,"updates, to, to update"
43,usability,contrastive_projection_intrinsic,0.4540550221748086,0.4540550221748086,0.45424904859134,0.0,-0.00019402641653143426,-0.0019273598909633205,-0.000864070564774333,"the website, day, to"
43,usability,svm_tfidf_coefficients,0.3550139995097047,0.3298522858517453,0.3580142238707254,0.025161713657959384,-0.003000224361020709,-0.02804656951519613,-0.0002585449395168249,"the website, website, day"
44,legal,contrastive_projection_intrinsic,0.41969499364014395,0.40741212056482135,0.4193613203556996,0.012282873075322609,0.00033367328444433575,-0.08078154247489167,0.0072585626901445766,"corporate, the corporate, by"
44,legal,svm_tfidf_coefficients,0.3975979535049262,0.3275730540736256,0.39335396199960526,0.07002489943130064,0.004243991505320954,8.654548473646662e-05,0.06608175086248391,"corporate, by, the corporate"
44,look_and_feel,contrastive_projection_intrinsic,0.44843051450660915,0.44210729048168895,0.44796019103522033,0.006323224024920193,0.0004703234713888116,-0.06768134572815182,0.0020810072428642523,"shall use, and, use"
44,look_and_feel,svm_tfidf_coefficients,0.4140304547761758,0.3592175250753981,0.4080237411841079,0.05481292970077767,0.006006713592067892,-0.03386662406334129,0.02245229349889233,"and, shall use, use"
44,usability,contrastive_projection_intrinsic,0.4644672235055396,0.4540567666556678,0.46377004418945467,0.010410456849871796,0.0006971793160849282,-0.1255341387718566,0.007224618708093933,"use, and, by"
44,usability,svm_tfidf_coefficients,0.4089802308832376,0.31732651399361106,0.4070179579512969,0.09165371688962654,0.0019622729319406784,-0.04354898228891785,0.044517991706765514,"and, use, by"
45,security,contrastive_projection_intrinsic,0.6259367413395833,0.5077826035848001,0.6051441828734504,0.11815413775478323,0.020792558466132927,-0.14223266035918347,0.1405593968137942,"only, access, authorized"
45,security,svm_tfidf_coefficients,0.7419080302804847,0.5833072515481347,0.6931390865720845,0.15860077873235,0.048768943708400236,0.16428045104313393,0.28715641159751937,"only, access, authorized"
46,legal,contrastive_projection_intrinsic,0.6175126104778385,0.5511615828991577,0.5974862037875167,0.06635102757868072,0.02002640669032174,0.13083119050559516,0.18651850327142594,"disputes, conform to, conform"
46,legal,svm_tfidf_coefficients,0.5962867420116128,0.5094231437156526,0.5654172629756026,0.08686359829596024,0.030869479036010228,0.18707476507044796,0.23944413620293137,"conform to, conform, requirements"
47,legal,contrastive_projection_intrinsic,0.6432874610415134,0.41672818705743914,0.5845258084829923,0.22655927398407422,0.05876165255852106,-0.13020182706790495,0.1348532237718464,"comply with, comply, with"
47,legal,svm_tfidf_coefficients,0.6485328048494412,0.37118461914745854,0.5491586106124653,0.27734818570198266,0.09937419423697591,0.04500394316835665,0.22225050656919376,"comply with, comply, with"
48,operability,contrastive_projection_intrinsic,0.43558910549084434,0.43558910549084434,0.4355891054908444,0.0,-5.551115123125783e-17,0.0,-3.5224884015749858e-06,"not, the system, shall not"
48,operability,svm_tfidf_coefficients,0.2994209729563734,0.3454463538314606,0.3197298102501517,-0.04602538087508723,-0.020308837293778303,-0.012695396029698658,-0.03754068351419182,"not, the system, in"
49,maintainability,contrastive_projection_intrinsic,0.4253917224376985,0.41177729716313516,0.4221931563345835,0.013614425274563358,0.0031985661031150303,-0.023184846959818206,0.008391475315669916,"maintenance, within the, will"
49,maintainability,svm_tfidf_coefficients,0.44182691694477305,0.3194344127810123,0.41402221769915387,0.12239250416376074,0.02780469924561918,-0.019295464419646302,0.0861198859304016,"maintenance, within the, will"
50,maintainability,contrastive_projection_intrinsic,0.413843257636319,0.4117779394697357,0.4143024570794691,0.002065318166583341,-0.0004591994431500934,-0.008101781061085833,-0.0019357543620883155,"new, maximum, movies"
50,maintainability,svm_tfidf_coefficients,0.36409145064687665,0.32628433405879675,0.36076611108448714,0.03780711658807989,0.0033253395623895066,-0.010854304189085617,0.025195553044993935,"new, maximum, movies"
50,scalability,contrastive_projection_intrinsic,0.40536418046585126,0.4046148140894415,0.40570206300147144,0.0007493663764097658,-0.0003378825356201709,-0.011707977416103965,-0.0016419476657958954,"support, movies, to"
50,scalability,svm_tfidf_coefficients,0.3463092637002169,0.2896929069105682,0.3442634082086805,0.056616356789648714,0.002045855491536408,-0.026954562759827883,0.024810505223135826,"support, movies, more"
51,legal,contrastive_projection_intrinsic,0.40713331055419283,0.40713331055419283,0.4071403626119009,0.0,-7.052057708067938e-06,-0.0043551107316785465,-0.0004336900923589404,"all, must, that"
51,legal,svm_tfidf_coefficients,0.301365201956533,0.3088473394984761,0.3042863084246892,-0.007482137541943101,-0.002921106468156187,-0.0184033971150247,-0.02094596103346763,"all, case, that"
51,maintainability,contrastive_projection_intrinsic,0.41177729716313516,0.41177729716313516,0.4117790607091871,0.0,-1.7635460519138668e-06,0.0,-0.00015910888791076383,"must be, case, dispute"
51,maintainability,svm_tfidf_coefficients,0.30973696851019655,0.3219856129687371,0.3167440213006977,-0.01224864445854057,-0.007007052790501123,-0.01433215151465178,-0.021969744033726146,"case, dispute, must be"
52,usability,contrastive_projection_intrinsic,0.5818571335966668,0.5249309334593932,0.5721838177310956,0.056926200137273564,0.009673315865571186,0.026753818353372538,0.1094554996229627,"use, minutes, be able"
52,usability,svm_tfidf_coefficients,0.6579592627304759,0.5644544319383257,0.6321485754161047,0.09350483079215022,0.025810687314371195,0.2061607597349689,0.2742861250479414,"minutes, use, be able"
53,security,contrastive_projection_intrinsic,0.5204512687137871,0.4667486723299014,0.5156068807711821,0.05370259638388569,0.004844387942605,-0.075885626009081,0.05591119743559403,"access, authorized, authorized users"
53,security,svm_tfidf_coefficients,0.6590121675830182,0.5270504237365458,0.6251135887787289,0.1319617438464724,0.03389857880428926,0.12305303478231677,0.22335551880071552,"access, authorized, authorized users"
54,look_and_feel,contrastive_projection_intrinsic,0.4541701708910418,0.4431559214899018,0.45249654187415267,0.011014249401139986,0.001673629016889111,-0.041629491995702705,0.007408257915542504,"the website, pages, website"
54,look_and_feel,svm_tfidf_coefficients,0.5365832252242726,0.43996270257200304,0.5078791556424374,0.09662052265226956,0.028704069581835245,0.04975426590808113,0.12639789253715633,"the website, pages, website"
54,usability,contrastive_projection_intrinsic,0.4600547534173112,0.45924066785991696,0.45952164807905754,0.0008140855573942618,0.000533105338253681,0.0051784972653907135,0.004287186550414657,"only, the website, pages"
54,usability,svm_tfidf_coefficients,0.46339451551902705,0.4467419042825321,0.4501553467441714,0.016652611236494974,0.013239168774855647,0.09082292513723955,0.09873996516751793,"the website, only, pages"
55,security,contrastive_projection_intrinsic,0.5500770089244742,0.46894023686737846,0.5298044605896773,0.08113677205709574,0.020272548334796858,-0.13920906063002314,0.07524814287889642,"only, authorized, information"
55,security,svm_tfidf_coefficients,0.6462273020587495,0.48422208359839075,0.5855111775041212,0.1620052184603587,0.06071612455462827,0.08180566195569072,0.20219021102751716,"only, authorized, information"
56,usability,contrastive_projection_intrinsic,0.5819390174433251,0.5226520769867307,0.5704434494739182,0.05928694045659444,0.011495567969406872,-0.05222042537600191,0.10017847410231373,"use, to use, and"
56,usability,svm_tfidf_coefficients,0.6087119092157564,0.5151679790755842,0.57949586665517,0.09354393014017215,0.029216042560586297,0.1603147887120004,0.2315736454369301,"and, use, callers"
57,fault_tolerance,contrastive_projection_intrinsic,0.39909117449370546,0.39909117449370546,0.39909117449370546,0.0,0.0,-8.735313615781948e-06,-0.00040340002617011983,"data, able, able to"
57,fault_tolerance,svm_tfidf_coefficients,0.28127690717338966,0.2722482165868334,0.2879142733922942,0.009028690586556254,-0.006637366218904539,-0.04174436363700579,-0.02814738135467071,"data, be, business"
58,availability,contrastive_projection_intrinsic,0.41795775977666,0.41795775977666,0.41795775977665994,0.0,5.551115123125783e-17,0.0,-0.0005854465260994313,"with, database, all"
58,availability,svm_tfidf_coefficients,0.2765704317031238,0.28581547937181323,0.2794065914900269,-0.009245047668689443,-0.002836159786903103,-0.03991657898508716,-0.04609777705037876,"with, all, database"
58,operability,contrastive_projection_intrinsic,0.5205990660677766,0.466345754010109,0.5124009853031275,0.05425331205766759,0.008198080764649118,-0.051350085331715256,0.067984850667266,"interface with, with, database"
58,operability,svm_tfidf_coefficients,0.5868211030484887,0.4777285539813284,0.5640099794994053,0.10909254906716026,0.022811123549083323,0.12159462623545886,0.2123758880810679,"interface with, database, with"
58,portability,contrastive_projection_intrinsic,0.482787332023112,0.43661051320315314,0.4775789813756395,0.04617681881995889,0.005208350647472548,-0.032901072322455704,0.07788288163939239,"product must, on, systems"
58,portability,svm_tfidf_coefficients,0.503948417230294,0.4329826379678671,0.48683698428702876,0.07096577926242692,0.01711143294326528,0.13960032005721468,0.1868927802141046,"product must, on, with various"
59,security,contrastive_projection_intrinsic,0.5049596159892392,0.4647681321293594,0.49962805504210145,0.040191483859879806,0.00533156094713777,-0.23956928212607842,0.04452068270622023,"only, access, can"
59,security,svm_tfidf_coefficients,0.6847729503266842,0.5897428344232931,0.6634819845580745,0.09503011590339105,0.02129096576860967,0.183175627760373,0.26135531140085755,"only, access, ensure that"
60,legal,contrastive_projection_intrinsic,0.544679134659473,0.4186973075872996,0.5255203977529839,0.12598182707217342,0.01915873690648917,-0.20423672029695972,0.10453948604758828,"comply with, comply, shall comply"
60,legal,svm_tfidf_coefficients,0.550084708931924,0.37590036417238776,0.5015889447897454,0.1741843447595362,0.0484957641421786,0.05297089231600033,0.18398869247903898,"comply with, comply, shall comply"
60,look_and_feel,contrastive_projection_intrinsic,0.4503713356578068,0.4419923225093722,0.45026914722226813,0.008379013148434589,0.00010218843553866375,-0.03542718223428598,0.001729980829669131,"comply with, comply, shall comply"
60,look_and_feel,svm_tfidf_coefficients,0.44663360080794695,0.37082971897568096,0.44179544880310756,0.075803881832266,0.004838152004839391,-0.021851367253956533,0.04424229830538251,"comply with, comply, interface"
61,legal,contrastive_projection_intrinsic,0.40713331055419283,0.40713331055419283,0.4071333105541929,0.0,-5.551115123125783e-17,-2.1493189501509136e-05,-0.00020500915145665877,"stream, can, day"
61,legal,svm_tfidf_coefficients,0.29510579088729216,0.2915171979995732,0.29991496924709937,0.0035885928877189555,-0.004809178359807209,-0.03621203086889685,-0.027313416043726613,"stream, can, day"
61,security,contrastive_projection_intrinsic,0.4581297223048267,0.4488533293715307,0.45927231468746044,0.009276392933295963,-0.0011425923826337558,-0.08979715863265708,-0.002059895250109689,"only, can, within"
61,security,svm_tfidf_coefficients,0.4634563215604319,0.3750749921386151,0.45639556506485796,0.08838132942181681,0.007060756495573972,-0.025937113294323577,0.056534668172569025,"only, can, within"
62,operability,contrastive_projection_intrinsic,0.4400306417152386,0.4356281844047854,0.4405747968352011,0.0044024573104531894,-0.0005441551199625305,-0.0416289496782965,-0.0012690173604186228,"shall interface, interface, time"
62,operability,svm_tfidf_coefficients,0.39005800650530575,0.3459235141251865,0.38976307427704393,0.04413449238011924,0.00029493222826182386,-0.013812187611555338,0.026900074240438554,"shall interface, interface, between"
63,look_and_feel,contrastive_projection_intrinsic,0.44248884340407646,0.4419923225093722,0.44329078787792237,0.0004965208947042554,-0.0008019444738459058,-0.013779512569043362,-0.005408467003269635,"display, shall be, interface"
63,look_and_feel,svm_tfidf_coefficients,0.4005336244423862,0.40084011110522194,0.39973790225634354,-0.00030648666283572545,0.00079572218604268,0.009240755765966724,0.0033752943487571074,"display, shall be, system"
63,portability,contrastive_projection_intrinsic,0.407754540562345,0.39276504949681346,0.4065503110878783,0.014989491065531546,0.0012042294744666893,-0.10284886408693977,0.008955855226721543,"any, on, computer"
63,portability,svm_tfidf_coefficients,0.3899564015559628,0.3059451028857978,0.37730619049713915,0.08401129867016499,0.012650211058823635,0.005429567073855557,0.07861684391123297,"any, on, have the"
64,security,contrastive_projection_intrinsic,0.582784412360095,0.4884639926026174,0.5693999829414993,0.09432041975747762,0.013384429418595745,-0.18538498933867176,0.1130997384712708,"only, access, authorized"
64,security,svm_tfidf_coefficients,0.7146357045805054,0.5658968375107107,0.6828887439821426,0.14873886706979467,0.031746960598362794,0.15335182247333057,0.2786615119426324,"only, access, authorized"
65,look_and_feel,contrastive_projection_intrinsic,0.442234125123596,0.4419923225093722,0.442332122077533,0.00024180261422379612,-9.799695393697405e-05,-0.0592012429259981,-0.0012997267132191515,"interface, that, and"
65,look_and_feel,svm_tfidf_coefficients,0.4088950390953817,0.3667927980698494,0.40760196571720525,0.04210224102553234,0.001293073378176468,-0.02569715211895046,0.017953125130445446,"interface, and, buttons in"
65,operability,contrastive_projection_intrinsic,0.43558934106105435,0.43558910549084434,0.435733265393916,2.3557021000542022e-07,-0.00014392433286164463,-0.013873507519253203,-0.00407028121992653,"interface, user, must be"
65,operability,svm_tfidf_coefficients,0.3661377822766074,0.31512364420622085,0.3635767446618042,0.05101413807038657,0.002561037614803252,-0.04679566053357548,0.008543367652457612,"interface, reports, files"
66,usability,contrastive_projection_intrinsic,0.47454607434186324,0.460028289206083,0.47209808509954293,0.014517785135780226,0.0024479892423203142,-0.030893447849272504,0.015474987234438742,"after, and, customers"
66,usability,svm_tfidf_coefficients,0.4689013914744515,0.40335650387843197,0.4532646264491524,0.06554488759601951,0.015636765025299093,0.04857064583099091,0.09888048316727505,"after, and, customers"
67,maintainability,contrastive_projection_intrinsic,0.41177729716313516,0.41177729716313516,0.4118113770612355,0.0,-3.4079898100336514e-05,0.0,-0.0009709647128711696,"the administrator, website, the website"
67,maintainability,svm_tfidf_coefficients,0.32802061428742263,0.29460536422348005,0.32742204635033223,0.03341525006394258,0.0005985679370903996,-0.04425262794490964,-0.006990792368591181,"the administrator, from, administrator"
67,security,contrastive_projection_intrinsic,0.44892039347212337,0.4488533293715307,0.4492112077884724,6.706410059265089e-05,-0.00029081431634903065,-0.0010510362842299226,-0.00044873606639050934,"administrator, at, itself"
67,security,svm_tfidf_coefficients,0.38239918531542644,0.3599733604746713,0.38440048603548194,0.022425824840755115,-0.002001300720055499,-0.04061792946697379,-0.014255536795028667,"itself, administrator, website"
68,scalability,contrastive_projection_intrinsic,0.41487383951133816,0.4046148140894415,0.41289111024061853,0.010259025421896661,0.00198272927071963,-0.052769476408144445,0.0029168307955643735,"simultaneous, support, 50"
68,scalability,svm_tfidf_coefficients,0.4060819637360697,0.2934063059616864,0.37578395390778707,0.11267565777438332,0.030298009828282624,-0.024101449288568,0.0659454429495141,"simultaneous, support, 50"
69,availability,contrastive_projection_intrinsic,0.5318685901033113,0.4488265767749262,0.5054055159249686,0.08304201332838512,0.026463074178342705,-0.009635957972153886,0.09076843842200688,"99, time, shall achieve"
69,availability,svm_tfidf_coefficients,0.6134299108660637,0.44307573308120335,0.5566504229931026,0.17035417778486034,0.056779487872961054,0.12187394415724101,0.23785084903416975,"99, shall achieve, achieve"
70,usability,contrastive_projection_intrinsic,0.4810303034987103,0.46435212448386026,0.47540490903428,0.016678179014850025,0.005625394464430278,0.002356288284304231,0.017563097750142975,"by, training, the system"
70,usability,svm_tfidf_coefficients,0.4817649940319742,0.4144067254264464,0.45333529540928175,0.0673582686055278,0.028429698622692456,0.06000543783981521,0.09864575970521233,"by, realtors, training"
71,look_and_feel,contrastive_projection_intrinsic,0.44609978165052877,0.44285885315080736,0.44583795738629833,0.003240928499721407,0.0002618242642304369,-0.009297483790649208,0.0018242152133401968,"the website, website, on"
71,look_and_feel,svm_tfidf_coefficients,0.5320122848241161,0.43786249183006154,0.5156954589253998,0.09414979299405457,0.016316825898716303,0.047641823922388915,0.11840929219027096,"the website, website, website within"
71,performance,contrastive_projection_intrinsic,0.49959786513473237,0.46476024343506395,0.49142367674302306,0.03483762169966842,0.008174188391709303,-0.04134251356696206,0.048895027495471144,"minutes, within, able to"
71,performance,svm_tfidf_coefficients,0.6050111983428658,0.5037025584535099,0.5729754152634441,0.1013086398893559,0.032035783079421676,0.14755965694479656,0.2174039794423565,"minutes, within, able to"
71,usability,contrastive_projection_intrinsic,0.5119537575236427,0.48316585083905506,0.5053019464404356,0.02878790668458764,0.006651811083207115,0.0064181962654674685,0.04885905632722504,"minutes, within minutes, be able"
71,usability,svm_tfidf_coefficients,0.6142951810168518,0.536376615108289,0.5852323903273569,0.07791856590856272,0.02906279068949491,0.18107391009667967,0.22217089048158256,"minutes, within minutes, on the"
72,operability,contrastive_projection_intrinsic,0.436188997874394,0.43558910549084434,0.4365400049766484,0.0005998923835496828,-0.0003510071022543859,-0.01099470760499155,0.00017905960693764822,"washing process, washing, must"
72,operability,svm_tfidf_coefficients,0.38836136906195373,0.36921175900431535,0.3825193274773882,0.019149610057638378,0.005842041584565527,0.010329093284834556,0.02567103657690889,"washing process, washing, use"
73,look_and_feel,contrastive_projection_intrinsic,0.46016679059125193,0.44686585000793033,0.45787734999048624,0.013300940583321597,0.002289440600765691,-0.00662099808504607,0.012526165521033583,"table, that, according to"
73,look_and_feel,svm_tfidf_coefficients,0.5494357501904527,0.45642878113726937,0.5198984373544925,0.09300696905318329,0.029537312835960172,0.06630070793173876,0.12702002829730935,"according to, according, current time"
74,performance,contrastive_projection_intrinsic,0.5096274772140661,0.46503309889105265,0.4958765431522674,0.04459437832301344,0.01375093406179867,0.009441922631289179,0.05401174091100874,"time, in an, an acceptable"
74,performance,svm_tfidf_coefficients,0.6844491951060855,0.5522924410636229,0.6242926357158584,0.13215675404246263,0.06015655939022713,0.18890613113185561,0.2640796199368403,"synchronize, shall synchronize, time"
75,performance,contrastive_projection_intrinsic,0.45219359384010865,0.4407682453772891,0.452840000277913,0.011425348462819562,-0.0006464064378043366,-0.041216312655736165,-0.007879308709363708,"seconds, 60 seconds, 60"
75,performance,svm_tfidf_coefficients,0.46124754688554387,0.4056876971333155,0.4422189453990152,0.055559849752228385,0.019028601486528685,0.049243166037033215,0.0832820747973596,"seconds, the system, display"
76,look_and_feel,contrastive_projection_intrinsic,0.4419923225093722,0.4419923225093722,0.44199232250937215,0.0,5.551115123125783e-17,0.0,-0.00040711528944409325,"support, have, to"
76,look_and_feel,svm_tfidf_coefficients,0.337994458290422,0.36269556261244046,0.3419388104734569,-0.02470110432201844,-0.003944352183034905,-0.028063601055799636,-0.04759220932603425,"support, to, have"
76,security,contrastive_projection_intrinsic,0.4534939426563198,0.4488533293715307,0.45326379917504134,0.004640613284789097,0.0002301434812784775,-0.04387894081342042,-0.0004891411191547124,"access, access to, registered"
76,security,svm_tfidf_coefficients,0.4698948517789926,0.4260138684576356,0.4611451569521881,0.04388098332135698,0.008749694826804488,0.026880069853927713,0.06627547286634977,"access, registered, support"
76,usability,contrastive_projection_intrinsic,0.46209774363190076,0.4594703065810773,0.4613655069647829,0.002627437050823467,0.0007322366671178582,0.004698422701900129,0.003978974746904618,"minutes, support, within minutes"
76,usability,svm_tfidf_coefficients,0.42569274773795074,0.4222888097411835,0.4236634618486353,0.003403937996767248,0.0020292858893154464,0.06547556933290294,0.060378002098217476,"support, minutes, within minutes"
77,availability,contrastive_projection_intrinsic,0.7987360023305332,0.6781716383022303,0.7634617713003258,0.12056436402830295,0.03527423103020744,0.16872951913296586,0.3320477750584579,"available, per, be available"
77,availability,svm_tfidf_coefficients,0.7507825927260852,0.6342263726528017,0.7096037875303562,0.11655622007328348,0.04117880519572892,0.29363260972405586,0.3774106051909714,"per, available, be available"
78,availability,contrastive_projection_intrinsic,0.5444494641662029,0.4485650698553895,0.5341022099597343,0.09588439431081336,0.010347254206468537,-0.13520431140379963,0.10301855492481199,"available, be available, hours"
78,availability,svm_tfidf_coefficients,0.5879713129515148,0.44635979563766215,0.5590949610518987,0.1416115173138527,0.028876351899616126,0.12620797512403198,0.22259430830076676,"available, be available, hours"
79,security,contrastive_projection_intrinsic,0.45007965542740164,0.4488533293715307,0.45096307113414125,0.0012263260558709188,-0.0008834157067396098,-0.0328837546035563,-0.008085437741487955,"only, for, shall be"
79,security,svm_tfidf_coefficients,0.4383206989173418,0.34139503632545537,0.4334159468175332,0.09692566259188645,0.004904752099808618,-0.0623295383716822,0.024160719010524634,"only, user, search"
80,security,contrastive_projection_intrinsic,0.4764389039290916,0.45124738267065745,0.47391172915949725,0.025191521258434157,0.0025271747695943536,-0.26808999418622614,0.0161267595468238,"only, access, can"
80,security,svm_tfidf_coefficients,0.5564478822867003,0.4493658654749949,0.5333773427480752,0.10708201681170537,0.023070539538625034,0.050575922071022794,0.1399610688895216,"role, only, access"
81,portability,contrastive_projection_intrinsic,0.5056449180950924,0.4197354428588508,0.48595765932307505,0.0859094752362416,0.019687258772017324,-0.08190352973664228,0.08939434156605452,"operating, any, on"
81,portability,svm_tfidf_coefficients,0.5468643617978352,0.3943496855932444,0.5068830929688611,0.15251467620459075,0.039981268828974015,0.10286680309753898,0.20804983022811002,"any, operating, any operating"
82,legal,contrastive_projection_intrinsic,0.6137183420733886,0.41876791572328853,0.5739917583176439,0.19495042635010007,0.03972658375574467,-0.14974484117829368,0.12181517630308092,"comply with, comply, standards"
82,legal,svm_tfidf_coefficients,0.639718774131166,0.3833604306263995,0.5329588282707889,0.25635834350476644,0.10675994586037707,0.057981516634380004,0.2419558597892193,"comply with, comply, standards"
82,security,contrastive_projection_intrinsic,0.4491823882317837,0.4488533293715307,0.44963034521196016,0.00032905886025297315,-0.0004479569801764671,-0.006142230580955754,-0.0007182897694927859,"will, will comply, with"
82,security,svm_tfidf_coefficients,0.4376187950003341,0.379411101753727,0.4242245356792225,0.05820769324660713,0.013394259321111601,-0.021153610550742052,0.026221038411492092,"will comply, will, website"
83,operability,contrastive_projection_intrinsic,0.43885356620600063,0.43558910549084434,0.438867893874624,0.003264460715156292,-1.4327668623359546e-05,-0.03897083280472535,0.0007097273282831162,"used, be used, be"
83,operability,svm_tfidf_coefficients,0.43765300214760333,0.33530295894856477,0.4223213283509702,0.10235004319903857,0.015331673796633138,-0.02598655556420909,0.061777164723232414,"used, be used, be"
83,portability,contrastive_projection_intrinsic,0.395461676400933,0.3927394693046174,0.39554580544694085,0.0027222070963155987,-8.412904600785254e-05,-0.020181053507819957,0.0012580354124093751,"hardware, support, the same"
83,portability,svm_tfidf_coefficients,0.3354002409521596,0.3041633662647848,0.3283931883018003,0.031236874687374794,0.00700705265035928,0.003219450241009447,0.03089672296954482,"hardware, support, be used"
84,legal,contrastive_projection_intrinsic,0.5378642925169591,0.47806563835248395,0.526565066382942,0.05979865416447516,0.011299226134017126,0.04868999528055773,0.11282786858309363,"guidelines, specified, in compliance"
84,legal,svm_tfidf_coefficients,0.6354732101888538,0.5167830257895832,0.5979758825495017,0.11869018439927059,0.037497327639352096,0.19295079444752716,0.2778129779894323,"guidelines, in compliance, compliance"
85,security,contrastive_projection_intrinsic,0.4627248512391765,0.44929020127634023,0.4618011684398225,0.013434649962836276,0.0009236827993540087,-0.06875426358762404,0.007505157512770366,"only, access, users with"
85,security,svm_tfidf_coefficients,0.5193633848774818,0.43995680939575005,0.5060436939036679,0.07940657548173174,0.013319690973813914,0.04126756310851332,0.10926485151887622,"only, access, users with"
86,performance,contrastive_projection_intrinsic,0.4407682453772891,0.4407682453772891,0.44076824537728904,0.0,5.551115123125783e-17,0.0,-0.0006334179879880497,"within, product, the product"
86,performance,svm_tfidf_coefficients,0.33571403397760713,0.312592549711878,0.33764302224647047,0.02312148426572913,-0.0019289882688633408,-0.047338460728484244,-0.018900747750798363,"within, year, users"
86,scalability,contrastive_projection_intrinsic,0.46241025568143157,0.4243296352359509,0.4565920581939048,0.03808062044548066,0.005818197487526766,-0.04609366951696103,0.04403824308959425,"number, users, 1000"
86,scalability,svm_tfidf_coefficients,0.4534658569249899,0.36810554157862735,0.44124099161780966,0.08536031534636257,0.012224865307180255,0.05841697150443015,0.12617012530789845,"number, users, 1000"
87,security,contrastive_projection_intrinsic,0.4942626303083017,0.4495546912485932,0.4862651321043891,0.04470793905970849,0.0079974982039126,-0.1315773258011746,0.022440766586330096,"only, access, access the"
87,security,svm_tfidf_coefficients,0.6164820115344404,0.4394698230400699,0.5814531716321758,0.1770121884943705,0.035028839902264575,0.03924184192984692,0.16629480905521188,"only, access, access the"
88,security,contrastive_projection_intrinsic,0.5241407876082812,0.4712269316965779,0.5167284102984547,0.05291385591170328,0.007412377309826468,-0.12317505221142566,0.06227316291763785,"only, authorized, only authorized"
88,security,svm_tfidf_coefficients,0.6636225108407063,0.5549406516036063,0.637868613505072,0.10868185923710005,0.02575389733563438,0.15054462705488303,0.2315940976068815,"only, authorized, logon"
89,security,contrastive_projection_intrinsic,0.6838297247180891,0.5195358742790748,0.643623922866468,0.16429385043901434,0.04020580185162115,-0.08433967698067779,0.17684731269944132,"only, access, authorized"
89,security,svm_tfidf_coefficients,0.7922198441667995,0.5989835899078432,0.7170495654788418,0.1932362542589563,0.07517027868795767,0.16259119751199236,0.2968723645341213,"only, access, authorized"
90,performance,contrastive_projection_intrinsic,0.4407682453772891,0.4407682453772891,0.44076824537728904,0.0,5.551115123125783e-17,0.0,-7.76420283593593e-06,"product, the product, product shall"
90,performance,svm_tfidf_coefficients,0.35509768639564326,0.33420070246140754,0.3551109858586522,0.020896983934235724,-1.3299463008931145e-05,-0.024879543656724012,-0.0047641221048881355,"load, product, shall provide"
90,scalability,contrastive_projection_intrinsic,0.4069501910253552,0.4061773132713491,0.40653487496458746,0.0007728777540060849,0.0004153160607677231,0.0014457134137143002,0.0012051474308917842,"and, product shall, as"
90,scalability,svm_tfidf_coefficients,0.32495076657679284,0.32218460391323284,0.3230885906918328,0.002766162663560001,0.0018621758849600156,0.007860385867905384,0.008307939005946507,"and, as, to"
90,usability,contrastive_projection_intrinsic,0.46015541602703847,0.45515284703557113,0.45974527648684527,0.005002568991467338,0.00041013954019319954,-0.003182576400940551,-0.0012673040042120998,"and, shall provide, as"
90,usability,svm_tfidf_coefficients,0.4445138388372905,0.3909128703217619,0.42613024562830354,0.05360096851552859,0.01838359320898697,0.035427924713978154,0.06762503851381696,"and, shall provide, as"
91,security,contrastive_projection_intrinsic,0.4569464394710018,0.45235027751334717,0.4555793160234735,0.00459616195765461,0.0013671234475282623,0.0010150493167447316,0.004844538827096456,"malicious, shall be, that"
91,security,svm_tfidf_coefficients,0.49494266998142394,0.40913011582923076,0.47718722948820935,0.08581255415219319,0.01775544049321459,0.009730826778472978,0.0708756067068268,"malicious, that, it"
92,maintainability,contrastive_projection_intrinsic,0.4332655942483559,0.4144107857619965,0.4284889673547388,0.018854808486359398,0.004776626893617131,-0.011089009044907006,0.013003285318693436,"maintenance, updated, be updated"
92,maintainability,svm_tfidf_coefficients,0.45369465433593364,0.35757161935938614,0.4236895685666201,0.0961230349765475,0.030005085769313544,0.022819232644337828,0.0859555561333189,"maintenance, updated, be updated"
93,operability,contrastive_projection_intrinsic,0.43558910549084434,0.43558910549084434,0.4355891054908444,0.0,-5.551115123125783e-17,-0.00013561100938869197,-0.00016755135722645864,"web, user, of the"
93,operability,svm_tfidf_coefficients,0.29735320565490164,0.29301780000613503,0.301002950110323,0.00433540564876661,-0.0036497444554213776,-0.0665495786717894,-0.05054888279257508,"web, internet explorer, explorer"
94,performance,contrastive_projection_intrinsic,0.49814391766762584,0.4430852625114534,0.4894224489461958,0.05505865515617242,0.008721468721430037,-0.1570856524867505,0.03618960251640174,"seconds, time, within seconds"
94,performance,svm_tfidf_coefficients,0.6297805795862021,0.4441195988234393,0.5959524111931612,0.18566098076276283,0.033828168393040925,0.08650180495350746,0.23985182903165303,"seconds, time, within seconds"
95,legal,contrastive_projection_intrinsic,0.4100882198843534,0.40713331055419283,0.4103579879625848,0.002954909330160571,-0.0002697680782314249,-0.05961582599834869,0.0008070397553656128,"creation, the disputes, disputes"
95,legal,svm_tfidf_coefficients,0.34684552015496267,0.3044964399874307,0.34575983002694477,0.04234908016753197,0.001085690128017902,-0.024487782763023103,0.016453090292820993,"creation, the disputes, disputes"
95,maintainability,contrastive_projection_intrinsic,0.41177729716313516,0.41177729716313516,0.41177729716313516,0.0,0.0,0.0,-0.0002611582365818488,"disputes, the disputes, 100 of"
95,maintainability,svm_tfidf_coefficients,0.29980711747819977,0.32776966350013637,0.30481913650302267,-0.027962546021936596,-0.0050120190248229,-0.008430201711739638,-0.031183507726540993,"disputes, time, the disputes"
96,look_and_feel,contrastive_projection_intrinsic,0.48003873615346626,0.45097531874303387,0.4769628448406996,0.02906341741043239,0.003075891312766643,-0.027838499626955615,0.030247775898647744,"look, feel, look and"
96,look_and_feel,svm_tfidf_coefficients,0.5895554217857643,0.47378416392775075,0.5653450357543324,0.11577125785801351,0.024210386031431885,0.0829351162416595,0.16675454499196962,"look, feel, look and"
97,performance,contrastive_projection_intrinsic,0.5213524530907468,0.4557925967024449,0.5123028773854387,0.06555985638830197,0.009049575705308177,-0.09663887654516456,0.05941808248350955,"seconds, in, under"
97,performance,svm_tfidf_coefficients,0.6026238571371865,0.4470290778314349,0.5754140743235832,0.15559477930575155,0.02720978281360331,0.0908994568463457,0.20463459221854274,"seconds, in, under"
97,usability,contrastive_projection_intrinsic,0.4871475917413856,0.46591923603175117,0.48375640805015807,0.02122835570963444,0.0033911836912275395,-0.012591886639106098,0.02313762040906403,"be able, under, in under"
97,usability,svm_tfidf_coefficients,0.5200862477226058,0.4443472489205861,0.49790695143894065,0.07573899880201973,0.022179296283665162,0.09071921578081266,0.14436189030240332,"under, in under, be able"
98,look_and_feel,contrastive_projection_intrinsic,0.4419923225093722,0.4419923225093722,0.4420001499982348,0.0,-7.827488862577336e-06,0.0,-0.0004120511924064485,"on, must, be"
98,look_and_feel,svm_tfidf_coefficients,0.3863759775145015,0.4053742832004989,0.3937742915162313,-0.01899830568599742,-0.0073983140017298,0.013536546606323363,-0.002005815532674371,"on, must, data"
98,usability,contrastive_projection_intrinsic,0.4672884168077086,0.45525864715098757,0.46650495563826655,0.012029769656721034,0.0007834611694420568,-0.0498478336201118,0.007511245586077631,"be able, able to, 90 of"
98,usability,svm_tfidf_coefficients,0.4532903262692199,0.3766940361685155,0.435729869507775,0.0765962901007044,0.01756045676144491,0.02090862544960681,0.07972978962604593,"90 of, 90, be able"
99,availability,contrastive_projection_intrinsic,0.5165599358196856,0.43418092216631643,0.5107899988777299,0.08237901365336919,0.005769936941955711,-0.20483479660059578,0.06954133275733432,"available, be available, the time"
99,availability,svm_tfidf_coefficients,0.5591414658897013,0.397338515784027,0.5396910388468098,0.16180295010567425,0.01945042704289146,0.07662812988315626,0.21568048691397929,"available, be available, of the"
100,operability,contrastive_projection_intrinsic,0.43919753796952055,0.43558910549084434,0.4396720060970364,0.0036084324786762045,-0.0004744681275158369,-0.019096319521619942,-0.003182086461769429,"web, shall be, of the"
100,operability,svm_tfidf_coefficients,0.42770136009705123,0.3595312861887983,0.420172575153565,0.06817007390825292,0.007528784943486244,0.0004659944626733692,0.06397014270689316,"web, shall be, the website"
101,security,contrastive_projection_intrinsic,0.5244296853144925,0.4692950316734822,0.5194181015622008,0.055134653641010334,0.005011583752291715,-0.12913143872775834,0.06367725245141553,"information, only, authorized"
101,security,svm_tfidf_coefficients,0.6816054682982996,0.5676583147396934,0.6516068647570095,0.11394715355860618,0.029998603541290136,0.16102865032646274,0.25291092583554414,"information, only, authorized"
102,performance,contrastive_projection_intrinsic,0.5039470273776875,0.4554367183831061,0.5011819929034956,0.048510308994581364,0.002765034474191852,-0.10948619456493369,0.044290318468070744,"seconds, under, in under"
102,performance,svm_tfidf_coefficients,0.578579971217621,0.4570250524721357,0.5471553567638504,0.12155491874548524,0.03142461445377054,0.10179171890038713,0.19747748805623933,"seconds, under, in under"
102,usability,contrastive_projection_intrinsic,0.4684240284394504,0.45723055418102193,0.4673681632412178,0.011193474258428482,0.0010558651982325862,-0.031315449941041296,0.009591282886748598,"be able, under, in under"
102,usability,svm_tfidf_coefficients,0.43907736991181295,0.378152333073314,0.422863729600703,0.06092503683849898,0.016213640311109945,0.02226404324489678,0.07385159560863136,"under, in under, be able"
103,legal,contrastive_projection_intrinsic,0.42804278867289736,0.41413990112301086,0.4245839228519994,0.0139028875498865,0.0034588658208979384,0.00048305999483932993,0.015587537990268296,"color, application, set forth"
103,legal,svm_tfidf_coefficients,0.42651986320268126,0.36051646349680044,0.4006369222060587,0.06600339970588082,0.025882940996622583,0.035370822227609344,0.08425435625974009,"set forth, forth by, forth"
103,look_and_feel,contrastive_projection_intrinsic,0.44447335764938756,0.4419923225093722,0.4443920868091663,0.002481035140015353,8.127084022124809e-05,-0.01501542352431573,-0.001593823091936064,"color, of the, the application"
103,look_and_feel,svm_tfidf_coefficients,0.44418226558989393,0.35068912758464005,0.4314689220422806,0.09349313800525388,0.012713343547613332,-0.04362049581070415,0.0410421685094286,"color, of, of the"
104,scalability,contrastive_projection_intrinsic,0.45189286927309064,0.4258128906338081,0.44736908839735917,0.02607997863928252,0.004523780875731465,-0.0007591792942215347,0.037699355796430856,"representatives shall, representatives, services representatives"
104,scalability,svm_tfidf_coefficients,0.4398712723244248,0.38683172953063105,0.42850575847490147,0.05303954279379375,0.011365513849523334,0.07652021299603273,0.11135763983476415,"representatives shall, representatives, services representatives"
104,usability,contrastive_projection_intrinsic,0.48130892735547454,0.4600981898816562,0.4800108491386662,0.021210737473818353,0.0012980782168083294,-0.12387075786910468,0.016876529980158317,"use, after, and"
104,usability,svm_tfidf_coefficients,0.514203738178913,0.43173949406735135,0.4995401658642398,0.08246424411156161,0.014663572314673134,0.0780462908423673,0.14254706046644394,"use, after, and"
105,performance,contrastive_projection_intrinsic,0.4407682453772891,0.44082384739098596,0.44076824537728904,-5.5602013696864905e-05,5.551115123125783e-17,0.0,-0.00043724085782603783,"product, the product, product shall"
105,performance,svm_tfidf_coefficients,0.33598478177086355,0.3564967756398437,0.3408066096157591,-0.020511993868980172,-0.004821827844895543,-0.0018802629372431934,-0.02198519268897725,"the system, every, product"
106,availability,contrastive_projection_intrinsic,0.4874770697143075,0.43258783267195866,0.47906691309371063,0.054889237042348826,0.008410156620596854,-0.13781319124769942,0.053023588160157065,"time, the time, of the"
106,availability,svm_tfidf_coefficients,0.48635668032231655,0.36104067271154133,0.46897846708375623,0.12531600761077522,0.017378213238560314,0.038159465804745496,0.14900626950359525,"time, of the, the time"
106,performance,contrastive_projection_intrinsic,0.6256154581912463,0.5184199496084049,0.6054568612906815,0.10719550858284144,0.020158596900564762,-0.06845813030196557,0.1604116506750723,"seconds, time, than"
106,performance,svm_tfidf_coefficients,0.6576832790533238,0.5174359405416867,0.6239337920662171,0.14024733851163707,0.03374948698710667,0.15742589558221642,0.2712740384035677,"seconds, time, no"
107,scalability,contrastive_projection_intrinsic,0.4276132306320522,0.4057333096061286,0.42472766488011227,0.02187992102592362,0.0028855657519399336,-0.02312745171561026,0.010356088532021634,"000, 100, capable of"
107,scalability,svm_tfidf_coefficients,0.4159593344717414,0.3195754527894886,0.3973362059080874,0.09638388168225276,0.018623128563654,0.005840368262546025,0.08072640156849514,"000, capable of, capable"
108,look_and_feel,contrastive_projection_intrinsic,0.4453725876726277,0.4419923225093722,0.4451820800217887,0.0033802651632555136,0.00019050765083900023,-0.07480252016411343,0.001620715303499054,"the interface, use, interface"
108,look_and_feel,svm_tfidf_coefficients,0.45384009887171917,0.3381899776359208,0.44836996957037817,0.11565012123579838,0.005470129301340998,-0.05755773367424555,0.05890691994228581,"the interface, use, interface"
108,usability,contrastive_projection_intrinsic,0.5804031661785853,0.5131707012252856,0.5712996372308995,0.06723246495329971,0.009103528947685846,-0.045236126084576056,0.11362333727950807,"use, to use, be easy"
108,usability,svm_tfidf_coefficients,0.6440263268005767,0.5653943561145922,0.6288686541407934,0.07863197068598449,0.015157672659783294,0.20830888337606607,0.26808702534439655,"use, the interface, to use"
109,look_and_feel,contrastive_projection_intrinsic,0.4686175503518908,0.4439742966566894,0.46051082033511315,0.024643253695201373,0.008106730016777641,-0.008281862371237236,0.014632650010287795,"the website, website, website should"
109,look_and_feel,svm_tfidf_coefficients,0.5983311318717013,0.4319587239312101,0.5346590464426244,0.16637240794049118,0.06367208542907687,0.040645217463019745,0.13401436606625033,"the website, website, website should"
109,usability,contrastive_projection_intrinsic,0.45641054839754713,0.45462834011355197,0.4568301357726291,0.001782208283995168,-0.00041958737508196453,-0.0002912185683808799,-0.00017785362896594048,"the website, all, website"
109,usability,svm_tfidf_coefficients,0.43694715605663786,0.3469939181073507,0.40806254963258887,0.08995323794928717,0.028884606424048997,-0.010833556261782118,0.05360296496138656,"the website, website, to all"
110,look_and_feel,contrastive_projection_intrinsic,0.46541331500881056,0.4444032851675944,0.458420337064167,0.021010029841216138,0.006992977944643541,0.0008983532770782121,0.014487445391840548,"professional, appearance, have"
110,look_and_feel,svm_tfidf_coefficients,0.551426992575186,0.3858269499078571,0.496411267400931,0.16560004266732892,0.055015725174255015,-0.005998773797803891,0.10017032168665141,"professional, appearance, and"
111,availability,contrastive_projection_intrinsic,0.43182600720837644,0.4190786769142195,0.43053784148684515,0.012747330294156922,0.001288165721531287,-0.013567876775824494,0.008495014125192768,"24, free, system will"
111,availability,svm_tfidf_coefficients,0.41748359206936014,0.34251137469253434,0.3995552291783346,0.0749722173768258,0.017928362891025562,0.01742242003528438,0.07155677935729471,"24, free, support to"
112,performance,contrastive_projection_intrinsic,0.5075967699656625,0.45378407168775714,0.5043758693941273,0.05381269827790536,0.0032209005715352346,-0.19982265865675453,0.04470672696526384,"seconds, than, no"
112,performance,svm_tfidf_coefficients,0.5507316285935078,0.4351969007933759,0.5294243740723428,0.11553472780013185,0.021307254521164998,0.08016747248784134,0.17927171676615083,"seconds, time, no"
113,look_and_feel,contrastive_projection_intrinsic,0.4572173308235246,0.4424197410238831,0.4568987092250286,0.01479758979964152,0.0003186215984959939,-0.07065416178340672,0.008662627624583641,"look, feel, and"
113,look_and_feel,svm_tfidf_coefficients,0.5500216183113967,0.43769976659009924,0.5347678294680193,0.1123218517212975,0.01525378884337747,0.04735761475514644,0.14415429935415303,"look, feel, look and"
114,operability,contrastive_projection_intrinsic,0.6814264472331237,0.4939448777106383,0.6161598699877066,0.18748156952248546,0.06526657724541718,0.009157404220413556,0.1718308466009798,"interface with, shall interface, with the"
114,operability,svm_tfidf_coefficients,0.7597027139877748,0.5094535090398056,0.6572149855030761,0.2502492049479692,0.10248772848469867,0.12930376669647858,0.29208304985217964,"interface with, shall interface, server"
